Symbol,Time,Open,High,Low,Close,Volume,Ticker
AAA,2023-12-22,9250,9350,9230,9240,1226100,AAA
AAM,2023-12-22,9590,9590,9130,9200,1200,AAM
AAS,2023-12-22,8500,8600,8400,8400,397000,AAS
AAT,2023-12-22,4940,4970,4850,4890,173500,AAT
AAV,2023-12-22,4200,4300,4200,4200,105300,AAV
ABB,2023-12-22,8000,8000,7800,7900,402300,ABB
ABC,2023-12-22,13400,13400,12800,13400,6200,ABC
ABI,2023-12-22,25600,26900,25300,25800,69000,ABI
ABR,2023-12-22,13300,13300,13300,13300,100,ABR
ABS,2023-12-22,5700,5750,5700,5720,365400,ABS
ABT,2023-12-22,34500,34500,34500,34500,1600,ABT
ABW,2023-12-22,10000,10100,9900,10000,129400,ABW
ACB,2023-12-22,23200,23300,23200,23200,4510000,ACB
ACC,2023-12-22,12250,12350,12250,12350,27200,ACC
ACE,2023-12-22,35000,36600,35000,36600,15000,ACE
ACG,2023-12-22,37100,37750,37100,37750,12500,ACG
ACL,2023-12-22,12100,12200,11900,12000,20700,ACL
ACM,2023-12-22,500,600,400,600,293300,ACM
ACS,2023-12-22,6400,6400,6400,6400,100,ACS
ACV,2023-12-22,61500,62800,61200,62200,169300,ACV
ADC,2023-12-22,18400,18400,18400,18400,100,ADC
ADG,2023-12-22,22000,22000,21500,21500,5800,ADG
ADS,2023-12-22,13350,13350,13150,13200,154300,ADS
AFX,2023-12-22,8900,9000,8600,8700,96900,AFX
AG1,2023-12-22,7500,7500,7500,7500,600,AG1
AGF,2023-12-22,2800,2800,2800,2800,100,AGF
AGG,2023-12-22,25000,25000,24500,24900,421400,AGG
AGP,2023-12-22,25000,25000,25000,25000,2000,AGP
AGR,2023-12-22,16050,16250,15800,15950,1237400,AGR
AIC,2023-12-22,14700,14700,14700,14700,3000,AIC
ALV,2023-12-22,3900,4100,3900,4100,108800,ALV
AMP,2023-12-22,26600,26600,22500,26400,300,AMP
AMS,2023-12-22,10200,10300,10100,10200,136100,AMS
AMV,2023-12-22,3900,4000,3800,3900,763700,AMV
ANT,2023-12-22,11300,11900,11300,11900,3600,ANT
ANV,2023-12-22,31500,31500,30700,30750,1160900,ANV
APC,2023-12-22,9100,9400,9000,9400,1600,APC
APG,2023-12-22,11500,11650,11350,11350,634000,APG
APH,2023-12-22,7480,7500,7430,7500,464600,APH
API,2023-12-22,5800,5800,5600,5700,211000,API
APP,2023-12-22,4600,4700,4600,4600,1500,APP
APS,2023-12-22,6700,6800,6700,6800,304500,APS
APT,2023-12-22,2200,2200,2200,2200,100,APT
ASG,2023-12-22,21600,21600,20900,21450,3400,ASG
ASM,2023-12-22,10100,10200,9970,9980,2026400,ASM
ASP,2023-12-22,5010,5030,4940,5010,3100,ASP
AST,2023-12-22,50500,52500,49800,50000,10500,AST
ATA,2023-12-22,1100,1200,1100,1100,36900,ATA
ATB,2023-12-22,600,600,500,600,3200,ATB
ATG,2023-12-22,2400,2500,2400,2400,2700,ATG
AVC,2023-12-22,55300,55300,51200,53900,3100,AVC
BAB,2023-12-22,12700,12700,12600,12600,2100,BAB
BAF,2023-12-22,25650,25700,25350,25550,2041900,BAF
BAX,2023-12-22,43600,43600,43600,43600,3500,BAX
BBT,2023-12-22,9400,9400,9400,9400,100,BBT
BCA,2023-12-22,7100,7400,7100,7200,82900,BCA
BCC,2023-12-22,8900,9300,8900,9200,92900,BCC
BCE,2023-12-22,5600,5850,5600,5660,28800,BCE
BCF,2023-12-22,31000,31000,31000,31000,100,BCF
BCG,2023-12-22,8860,8890,8790,8870,3316700,BCG
BCM,2023-12-22,61100,61800,60800,61800,398000,BCM
BCR,2023-12-22,8900,9100,8700,8700,593800,BCR
BDG,2023-12-22,27500,27500,27500,27500,2000,BDG
BDT,2023-12-22,14000,14000,13700,13700,5000,BDT
BED,2023-12-22,14800,14800,14800,14800,4000,BED
BFC,2023-12-22,24350,24750,24000,24350,98700,BFC
BHI,2023-12-22,17000,17000,16300,16300,600,BHI
BHN,2023-12-22,39800,40000,38700,38700,3500,BHN
BIC,2023-12-22,25250,25400,25150,25200,18100,BIC
BID,2023-12-22,41800,42450,41400,42450,1189100,BID
BIG,2023-12-22,10000,10100,9500,9800,462000,BIG
BII,2023-12-22,700,700,600,700,317800,BII
BKG,2023-12-22,4440,4490,4400,4400,43800,BKG
BLF,2023-12-22,3200,3200,3000,3000,13900,BLF
BMC,2023-12-22,14900,15000,14900,15000,18100,BMC
BMF,2023-12-22,8000,8000,7900,7900,600,BMF
BMG,2023-12-22,22400,22400,22400,22400,5000,BMG
BMI,2023-12-22,21150,21150,20650,21100,53200,BMI
BMP,2023-12-22,93600,100000,92800,100000,633600,BMP
BMS,2023-12-22,11200,11400,11100,11300,114300,BMS
BNA,2023-12-22,10400,10400,10200,10200,22400,BNA
BOT,2023-12-22,2900,3000,2800,2900,527600,BOT
BRC,2023-12-22,11500,12100,11300,12100,10400,BRC
BRR,2023-12-22,16500,16500,16000,16500,1800,BRR
BSG,2023-12-22,12400,12400,11700,12400,4400,BSG
BSI,2023-12-22,46900,47000,45300,46300,449900,BSI
BSQ,2023-12-22,19800,19900,19800,19900,300,BSQ
BSR,2023-12-22,18400,18600,18300,18300,2754400,BSR
BTN,2023-12-22,3500,3500,3400,3400,6300,BTN
BTP,2023-12-22,16000,16000,15700,15800,60900,BTP
BTS,2023-12-22,5600,5600,5500,5500,7200,BTS
BTV,2023-12-22,11600,11600,11600,11600,2200,BTV
BVB,2023-12-22,10400,10500,10300,10400,77700,BVB
BVG,2023-12-22,2100,2200,2000,2100,71300,BVG
BVH,2023-12-22,39350,39350,38900,38900,359900,BVH
BVL,2023-12-22,10300,10500,10200,10500,64600,BVL
BVS,2023-12-22,25400,25500,25100,25100,157300,BVS
BWE,2023-12-22,40400,40500,40000,40050,92200,BWE
BWS,2023-12-22,28500,28500,28500,28500,400,BWS
BXH,2023-12-22,16000,16000,16000,16000,1400,BXH
C21,2023-12-22,12000,14200,12000,14200,200,C21
C32,2023-12-22,16800,16850,16750,16850,2800,C32
C47,2023-12-22,6730,6750,6700,6700,49500,C47
C4G,2023-12-22,11600,11800,11600,11600,711400,C4G
C69,2023-12-22,7000,7000,6800,6800,160000,C69
C92,2023-12-22,2900,3000,2900,3000,3000,C92
CAD,2023-12-22,700,700,500,600,22900,CAD
CAG,2023-12-22,7000,7000,7000,7000,5700,CAG
CAP,2023-12-22,76800,77400,76600,77400,20600,CAP
CAR,2023-12-22,22000,22000,21400,21400,300,CAR
CAT,2023-12-22,15800,15900,15800,15900,800,CAT
CAV,2023-12-22,66900,67000,66500,67000,3300,CAV
CBS,2023-12-22,28400,28400,28000,28000,400,CBS
CC1,2023-12-22,16500,16600,16200,16300,25000,CC1
CC4,2023-12-22,16000,16000,16000,16000,100,CC4
CCI,2023-12-22,22800,22800,20600,22800,4800,CCI
CCL,2023-12-22,7100,7170,7000,7030,194100,CCL
CCM,2023-12-22,32000,32000,32000,32000,100,CCM
CDC,2023-12-22,20000,20200,19850,20100,752500,CDC
CDN,2023-12-22,27100,27100,27100,27100,700,CDN
CDO,2023-12-22,900,1000,800,900,84500,CDO
CDP,2023-12-22,11000,11000,10700,10700,2100,CDP
CDR,2023-12-22,4900,5000,4900,5000,1000,CDR
CE1,2023-12-22,13200,13200,13200,13200,7800,CE1
CEG,2023-12-22,10000,10000,10000,10000,3900,CEG
CEN,2023-12-22,5700,5800,5600,5600,312100,CEN
CEO,2023-12-22,22700,23100,22500,22700,9441400,CEO
CET,2023-12-22,6400,6500,5900,5900,1700,CET
CFM,2023-12-22,10000,10000,9300,9300,400,CFM
CGV,2023-12-22,2500,2700,2500,2600,4500,CGV
CHP,2023-12-22,25100,25950,25000,25800,24700,CHP
CHS,2023-12-22,10000,10200,10000,10200,6100,CHS
CI5,2023-12-22,8000,8000,7800,7800,600,CI5
CIA,2023-12-22,10000,10000,9900,9900,2500,CIA
CIG,2023-12-22,6500,6550,6480,6500,84900,CIG
CII,2023-12-22,16750,16800,16500,16550,5085300,CII
CIP,2023-12-22,2800,2800,2800,2800,800,CIP
CKD,2023-12-22,23300,23300,23300,23300,500,CKD
CKG,2023-12-22,21850,21900,21450,21600,22900,CKG
CLG,2023-12-22,500,600,400,500,272500,CLG
CLH,2023-12-22,25300,25300,24900,24900,700,CLH
CLL,2023-12-22,35850,35850,34000,35600,13400,CLL
CLM,2023-12-22,57500,57500,57500,57500,100,CLM
CLX,2023-12-22,13900,13900,13900,13900,16600,CLX
CMC,2023-12-22,6900,6900,6200,6200,1500,CMC
CMD,2023-12-22,21300,21400,21000,21000,14900,CMD
CMF,2023-12-22,205000,205000,205000,205000,100,CMF
CMG,2023-12-22,39150,40000,37000,39600,254200,CMG
CMI,2023-12-22,1500,1500,1500,1500,10400,CMI
CMM,2023-12-22,6800,6900,6700,6900,508700,CMM
CMS,2023-12-22,19800,19800,18800,19300,96400,CMS
CMT,2023-12-22,23400,24300,23200,23900,17600,CMT
CMV,2023-12-22,8700,8900,8500,8500,2900,CMV
CMX,2023-12-22,8740,8840,8700,8760,235200,CMX
CNC,2023-12-22,28000,28200,28000,28100,13700,CNC
CNG,2023-12-22,27600,27700,27300,27300,23900,CNG
COM,2023-12-22,29450,29450,29450,29450,100,COM
CPA,2023-12-22,4600,4600,4600,4600,1000,CPA
CPI,2023-12-22,3100,3100,2800,2800,4600,CPI
CQN,2023-12-22,30000,30000,30000,30000,200,CQN
CQT,2023-12-22,10000,10000,10000,10000,100,CQT
CRC,2023-12-22,5440,5490,5420,5470,31000,CRC
CRE,2023-12-22,8180,8189,8100,8100,337800,CRE
CSC,2023-12-22,28600,28700,28300,28700,32600,CSC
CSI,2023-12-22,29500,31000,29300,30300,38700,CSI
CSM,2023-12-22,12150,12400,11900,11900,4600,CSM
CST,2023-12-22,17400,17400,17300,17400,13600,CST
CSV,2023-12-22,40600,40650,39900,40000,304500,CSV
CTB,2023-12-22,20000,20000,20000,20000,600,CTB
CTD,2023-12-22,64000,66400,64000,65200,2770500,CTD
CTF,2023-12-22,30750,31400,30550,31400,725200,CTF
CTG,2023-12-22,26500,26600,26350,26450,2169200,CTG
CTI,2023-12-22,14750,14750,14500,14600,289000,CTI
CTP,2023-12-22,4400,4500,4300,4500,135600,CTP
CTR,2023-12-22,87200,90200,87100,89400,285100,CTR
CTS,2023-12-22,27900,28400,27800,27850,2190200,CTS
CVN,2023-12-22,3400,3400,3300,3300,28400,CVN
D2D,2023-12-22,25300,25500,25250,25300,11200,D2D
DAE,2023-12-22,14100,14100,14100,14100,600,DAE
DAG,2023-12-22,3180,3180,3120,3170,80900,DAG
DAH,2023-12-22,4350,4390,4320,4350,164500,DAH
DAS,2023-12-22,12000,12300,12000,12300,300,DAS
DAT,2023-12-22,9200,9200,9000,9000,2400,DAT
DBC,2023-12-22,26250,26500,25850,26200,7291400,DBC
DBD,2023-12-22,54000,54000,53000,54000,107300,DBD
DC1,2023-12-22,6300,6300,6300,6300,300,DC1
DC2,2023-12-22,4600,4600,4600,4600,500,DC2
DC4,2023-12-22,8370,8380,8200,8210,51900,DC4
DCL,2023-12-22,23200,23500,23000,23200,67600,DCL
DCM,2023-12-22,31400,31700,31250,31600,994600,DCM
DCR,2023-12-22,6400,6400,6400,6400,100,DCR
DCS,2023-12-22,400,500,400,500,370600,DCS
DCT,2023-12-22,700,700,700,700,400,DCT
DDG,2023-12-22,5700,5900,5600,5700,453100,DDG
DDM,2023-12-22,1000,1000,1000,1000,2600,DDM
DDV,2023-12-22,9500,9600,9500,9500,126800,DDV
DFF,2023-12-22,11600,11600,11600,11600,4500,DFF
DGC,2023-12-22,91000,91000,89900,90500,1421400,DGC
DGT,2023-12-22,5000,5000,4900,5000,60800,DGT
DGW,2023-12-22,51600,52000,50600,51400,657300,DGW
DHA,2023-12-22,48900,48900,47900,47900,76900,DHA
DHB,2023-12-22,7900,8900,7900,8900,17400,DHB
DHC,2023-12-22,37300,37900,37300,37900,126600,DHC
DHD,2023-12-22,24500,24500,24500,24500,1500,DHD
DHG,2023-12-22,98400,99500,98400,99500,12700,DHG
DHM,2023-12-22,7760,7760,7490,7720,15300,DHM
DHP,2023-12-22,11200,11200,11200,11200,1000,DHP
DHT,2023-12-22,23000,23000,22600,23000,75900,DHT
DIC,2023-12-22,1100,1300,1100,1200,111300,DIC
DID,2023-12-22,4000,4000,3800,3800,23400,DID
DIG,2023-12-22,26200,26450,25800,25800,9669100,DIG
DIH,2023-12-22,24100,25200,24100,25200,8100,DIH
DL1,2023-12-22,4300,4400,4200,4400,182000,DL1
DLG,2023-12-22,2520,2530,2460,2460,1755200,DLG
DLR,2023-12-22,11900,11900,11900,11900,100,DLR
DLT,2023-12-22,16000,16000,16000,16000,500,DLT
DMN,2023-12-22,4800,4800,4800,4800,3000,DMN
DMS,2023-12-22,7000,7000,6800,6800,1300,DMS
DNE,2023-12-22,8900,8900,8900,8900,100,DNE
DNP,2023-12-22,22500,22500,22500,22500,500,DNP
DOC,2023-12-22,7800,7800,7800,7800,1000,DOC
DP1,2023-12-22,31300,35300,31300,33900,2900,DP1
DP3,2023-12-22,64500,64500,64099,64200,3200,DP3
DPG,2023-12-22,38400,38800,38300,38600,369900,DPG
DPM,2023-12-22,32950,32950,32500,32549,1527300,DPM
DPR,2023-12-22,29500,29650,29400,29500,200500,DPR
DPS,2023-12-22,300,400,300,300,236100,DPS
DQC,2023-12-22,14950,15200,14950,15150,2800,DQC
DRC,2023-12-22,26400,27300,26200,26900,1301200,DRC
DRG,2023-12-22,6800,6800,6800,6800,300,DRG
DRH,2023-12-22,4930,4980,4870,4870,644600,DRH
DRI,2023-12-22,7400,7400,7100,7200,173300,DRI
DRL,2023-12-22,66000,66000,65700,65700,1500,DRL
DS3,2023-12-22,4800,5600,4800,5600,15000,DS3
DSC,2023-12-22,19000,20000,18700,19700,444500,DSC
DSG,2023-12-22,4500,4500,4500,4500,100,DSG
DSN,2023-12-22,56400,56500,56000,56500,14300,DSN
DSP,2023-12-22,16900,16900,14000,15300,2700,DSP
DST,2023-12-22,3800,3800,3700,3800,46200,DST
DTA,2023-12-22,5210,5400,5210,5390,14700,DTA
DTC,2023-12-22,4700,4700,4300,4300,12700,DTC
DTD,2023-12-22,25200,26300,24900,25300,1305300,DTD
DTG,2023-12-22,22000,23600,22000,22100,2500,DTG
DTH,2023-12-22,13600,13600,13600,13600,1800,DTH
DTI,2023-12-22,3000,3000,2900,3000,7100,DTI
DTK,2023-12-22,10500,10500,10500,10500,400,DTK
DTL,2023-12-22,15700,15700,15600,15600,900,DTL
DVC,2023-12-22,10600,12100,10600,12100,1500,DVC
DVG,2023-12-22,3100,3100,3100,3100,44900,DVG
DVM,2023-12-22,11800,12000,11600,12000,337200,DVM
DVN,2023-12-22,18200,18200,18000,18100,7200,DVN
DVP,2023-12-22,64200,69000,64200,69000,56200,DVP
DWS,2023-12-22,11500,12600,11500,12600,5600,DWS
DXG,2023-12-22,19250,19300,18750,18750,11797500,DXG
DXP,2023-12-22,12400,12600,12400,12600,246600,DXP
DXS,2023-12-22,7300,7390,7200,7250,1169800,DXS
DXV,2023-12-22,4790,4790,4280,4650,23800,DXV
E29,2023-12-22,4400,4400,4300,4300,600,E29
EBS,2023-12-22,10400,11600,10400,10900,300,EBS
EFI,2023-12-22,1600,1900,1500,1900,3000,EFI
EIB,2023-12-22,18300,18500,18250,18300,10195800,EIB
EIC,2023-12-22,24500,24800,24500,24800,1200,EIC
EID,2023-12-22,20600,20900,20600,20900,2500,EID
EIN,2023-12-22,3700,3800,3500,3500,25800,EIN
ELC,2023-12-22,19200,19950,19200,19700,792800,ELC
EMS,2023-12-22,20000,20000,20000,20000,100,EMS
EPC,2023-12-22,8600,8600,8600,8600,300,EPC
EVE,2023-12-22,14750,15000,14700,15000,68000,EVE
EVF,2023-12-22,16200,16200,15900,16000,4073000,EVF
EVG,2023-12-22,5500,5560,5400,5400,1750400,EVG
EVS,2023-12-22,8200,8500,8200,8400,316400,EVS
FCM,2023-12-22,4710,4770,4650,4680,71500,FCM
FCN,2023-12-22,14250,14300,14100,14200,821800,FCN
FCS,2023-12-22,7300,7300,7300,7300,1200,FCS
FDC,2023-12-22,18000,19250,18000,19250,2000,FDC
FID,2023-12-22,2300,2300,2100,2200,207400,FID
FIR,2023-12-22,20150,20200,19750,19950,673700,FIR
FIT,2023-12-22,4450,4500,4420,4440,897000,FIT
FMC,2023-12-22,44500,45050,44350,44850,24900,FMC
FOC,2023-12-22,67000,67000,67000,67000,100,FOC
FOX,2023-12-22,52300,52300,51800,52100,30200,FOX
FPT,2023-12-22,95000,95100,94400,94600,1275400,FPT
FRC,2023-12-22,23900,23900,23900,23900,100,FRC
FRT,2023-12-22,101800,102800,101400,102500,382100,FRT
FT1,2023-12-22,38000,38000,38000,38000,600,FT1
FTM,2023-12-22,600,600,500,600,59600,FTM
FTS,2023-12-22,43800,44300,43550,44000,1787100,FTS
G20,2023-12-22,600,600,500,500,2400,G20
G36,2023-12-22,7200,7200,7100,7100,122900,G36
GAS,2023-12-22,74900,75200,74300,74700,616600,GAS
GDA,2023-12-22,23900,24000,23400,23800,26500,GDA
GDT,2023-12-22,22550,22600,22550,22550,8300,GDT
GEE,2023-12-22,31900,31900,29000,29500,25600,GEE
GEG,2023-12-22,13250,13250,13100,13100,208400,GEG
GEX,2023-12-22,22600,23150,22600,22700,16000300,GEX
GGG,2023-12-22,1900,1900,1900,1900,7200,GGG
GHC,2023-12-22,26400,26500,26400,26500,7000,GHC
GIC,2023-12-22,14700,14700,14600,14700,1300,GIC
GIL,2023-12-22,24900,25200,24800,24800,190800,GIL
GKM,2023-12-22,32700,33100,31000,33100,1112300,GKM
GMC,2023-12-22,7980,7980,7980,7980,200,GMC
GMD,2023-12-22,68000,68700,68000,68300,378000,GMD
GMH,2023-12-22,9800,9800,9800,9800,100,GMH
GMX,2023-12-22,18600,18600,18100,18100,2800,GMX
GND,2023-12-22,27200,27500,27200,27500,400,GND
GPC,2023-12-22,2900,3300,2900,3300,126000,GPC
GSM,2023-12-22,18600,18600,16700,16900,7000,GSM
GSP,2023-12-22,11400,11500,11400,11450,77900,GSP
GTA,2023-12-22,13850,14950,13450,14950,1500,GTA
GVR,2023-12-22,20050,20250,19900,20250,1995500,GVR
H11,2023-12-22,7000,7000,7000,7000,400,H11
HAC,2023-12-22,8800,8800,8800,8800,100,HAC
HAF,2023-12-22,21000,21000,16200,16200,10400,HAF
HAG,2023-12-22,13250,13700,13250,13500,21601000,HAG
HAH,2023-12-22,37750,37800,37050,37400,2384300,HAH
HAM,2023-12-22,26500,26500,26500,26500,300,HAM
HAN,2023-12-22,10300,10300,10100,10300,2300,HAN
HAP,2023-12-22,4770,4800,4690,4700,79400,HAP
HAR,2023-12-22,4230,4250,4140,4140,613700,HAR
HAS,2023-12-22,6700,6700,6560,6560,400,HAS
HAT,2023-12-22,43000,43000,43000,43000,100,HAT
HAV,2023-12-22,3000,3000,3000,3000,300,HAV
HAX,2023-12-22,14250,14250,14050,14100,147800,HAX
HBC,2023-12-22,7510,7630,7500,7600,328800,HBC
HBS,2023-12-22,8000,8200,8000,8100,15500,HBS
HCC,2023-12-22,10000,10300,10000,10000,1700,HCC
HCD,2023-12-22,7800,7850,7660,7750,535700,HCD
HCM,2023-12-22,32800,33100,32299,32400,6221700,HCM
HD2,2023-12-22,28000,28000,28000,28000,100,HD2
HD6,2023-12-22,19000,19100,18700,18900,15500,HD6
HD8,2023-12-22,8700,8700,8700,8700,4600,HD8
HDA,2023-12-22,4800,4800,4800,4800,1700,HDA
HDB,2023-12-22,18750,18950,18550,18950,7004900,HDB
HDC,2023-12-22,32299,32800,32200,32299,1530900,HDC
HDG,2023-12-22,28800,29250,28500,29100,2009800,HDG
HDM,2023-12-22,30000,30300,29900,30000,14400,HDM
HDP,2023-12-22,15500,15500,15100,15100,6300,HDP
HDW,2023-12-22,12500,12500,12500,12500,1900,HDW
HEJ,2023-12-22,11800,11800,11800,11800,2200,HEJ
HFB,2023-12-22,9200,9200,9200,9200,10900,HFB
HFX,2023-12-22,1700,1700,1700,1700,100,HFX
HGW,2023-12-22,10600,10600,10600,10600,200,HGW
HHG,2023-12-22,1900,2000,1900,2000,36400,HHG
HHP,2023-12-22,10400,10800,10400,10550,435600,HHP
HHS,2023-12-22,7380,7500,7170,7240,2785400,HHS
HHV,2023-12-22,15400,15450,15100,15100,5200900,HHV
HID,2023-12-22,3130,3160,3120,3140,29600,HID
HII,2023-12-22,5300,5300,5250,5290,88300,HII
HIO,2023-12-22,25500,25800,24100,25500,131000,HIO
HJS,2023-12-22,40000,40000,34000,40000,3300,HJS
HKB,2023-12-22,600,700,600,600,90300,HKB
HKT,2023-12-22,4000,4000,3900,4000,1900,HKT
HLC,2023-12-22,12000,12000,12000,12000,200,HLC
HLD,2023-12-22,25800,26000,25500,25600,23700,HLD
HLT,2023-12-22,7400,7400,7400,7400,100,HLT
HMC,2023-12-22,11000,11200,10800,11000,46900,HMC
HMH,2023-12-22,13200,13900,13200,13900,2200,HMH
HMR,2023-12-22,8600,8600,8300,8400,11100,HMR
HMS,2023-12-22,32000,32200,32000,32100,7000,HMS
HNA,2023-12-22,19000,19500,19000,19500,1200,HNA
HNB,2023-12-22,13000,13000,13000,13000,1400,HNB
HND,2023-12-22,13600,13800,13600,13700,4900,HND
HNG,2023-12-22,4080,4140,4059,4100,2007900,HNG
HNI,2023-12-22,20500,20500,20500,20500,600,HNI
HNM,2023-12-22,9100,9400,9100,9300,10000,HNM
HOM,2023-12-22,5000,5000,4800,4900,19000,HOM
HPD,2023-12-22,23300,23400,23300,23300,12300,HPD
HPG,2023-12-22,27200,27350,27050,27050,17429100,HPG
HPW,2023-12-22,16500,16500,16500,16500,800,HPW
HQC,2023-12-22,4210,4300,4070,4130,8291000,HQC
HRC,2023-12-22,48750,48750,48750,48750,100,HRC
HRT,2023-12-22,7000,7000,6800,6800,14700,HRT
HSA,2023-12-22,33000,33800,33000,33800,309600,HSA
HSG,2023-12-22,21750,21900,21400,21600,5298000,HSG
HSI,2023-12-22,1200,1300,1200,1200,5800,HSI
HSL,2023-12-22,11600,12100,10700,11000,2039700,HSL
HSM,2023-12-22,7900,7900,7900,7900,100,HSM
HSP,2023-12-22,12800,12800,12800,12800,800,HSP
HSV,2023-12-22,7900,8100,7700,7700,256900,HSV
HT1,2023-12-22,12050,12100,11900,12000,157000,HT1
HTE,2023-12-22,4000,4200,4000,4100,1700,HTE
HTG,2023-12-22,34500,34500,34000,34250,31600,HTG
HTL,2023-12-22,12250,12250,11750,11750,4500,HTL
HTM,2023-12-22,13300,13900,12200,12400,14600,HTM
HTN,2023-12-22,15900,16100,15800,15950,584300,HTN
HTP,2023-12-22,15900,17200,15600,17200,134700,HTP
HTT,2023-12-22,1100,1100,1100,1100,20200,HTT
HTV,2023-12-22,9450,9650,9450,9650,5100,HTV
HU1,2023-12-22,6500,6500,6500,6500,200,HU1
HU3,2023-12-22,3600,3600,3600,3600,2300,HU3
HU4,2023-12-22,12100,12500,12100,12200,5400,HU4
HUB,2023-12-22,17000,17000,16800,16800,7600,HUB
HUG,2023-12-22,34000,34000,34000,34000,200,HUG
HUT,2023-12-22,19400,19700,19200,19400,2693500,HUT
HVA,2023-12-22,3700,4200,3700,3900,3500,HVA
HVH,2023-12-22,5490,5500,5410,5480,107100,HVH
HVN,2023-12-22,10900,11000,10850,11000,214100,HVN
HVT,2023-12-22,45900,49000,45900,49000,700,HVT
HVX,2023-12-22,3000,3000,2950,2980,5400,HVX
HWS,2023-12-22,14700,14700,14500,14500,17800,HWS
ICF,2023-12-22,2500,2600,2500,2600,45900,ICF
ICG,2023-12-22,7100,7400,7100,7400,2700,ICG
ICN,2023-12-22,44700,44800,44200,44200,7100,ICN
ICT,2023-12-22,11350,11350,11200,11200,5700,ICT
IDC,2023-12-22,50800,51800,50800,51100,2984900,IDC
IDI,2023-12-22,11700,11800,11500,11550,861100,IDI
IDJ,2023-12-22,6300,6400,6200,6300,876200,IDJ
IDV,2023-12-22,37500,37700,37500,37500,2800,IDV
IFS,2023-12-22,29200,29800,29200,29800,200,IFS
IJC,2023-12-22,13800,13950,13800,13900,1491600,IJC
ILA,2023-12-22,4000,4000,3800,3800,59100,ILA
ILB,2023-12-22,28300,28750,28300,28750,700,ILB
ILS,2023-12-22,13000,13000,13000,13000,1000,ILS
IMP,2023-12-22,56300,57000,56200,57000,14600,IMP
INN,2023-12-22,44900,44900,43300,43300,1800,INN
IPA,2023-12-22,15400,16500,15400,16300,761300,IPA
ISG,2023-12-22,2700,2700,2700,2700,100,ISG
ISH,2023-12-22,24500,24500,24500,24500,200,ISH
ITA,2023-12-22,6650,6740,6400,6500,5513900,ITA
ITC,2023-12-22,10250,10300,10150,10200,120500,ITC
ITD,2023-12-22,10200,10200,9700,9800,40600,ITD
ITQ,2023-12-22,2700,2700,2600,2600,47100,ITQ
ITS,2023-12-22,3700,3800,3700,3800,4100,ITS
IVS,2023-12-22,10300,10400,10100,10200,64600,IVS
JOS,2023-12-22,1200,1300,1100,1200,15100,JOS
JVC,2023-12-22,3330,3390,3330,3360,193500,JVC
KBC,2023-12-22,31100,31450,31000,31100,3657800,KBC
KDC,2023-12-22,63000,63000,62300,63000,753500,KDC
KDH,2023-12-22,30050,30200,29900,30050,947500,KDH
KDM,2023-12-22,19200,20800,19200,20500,32700,KDM
KGM,2023-12-22,7300,7300,7000,7000,30100,KGM
KHG,2023-12-22,6200,6270,6180,6240,2310200,KHG
KHP,2023-12-22,9020,9150,9020,9150,60700,KHP
KHS,2023-12-22,10000,10000,9200,10000,700,KHS
KIP,2023-12-22,9800,9800,9800,9800,8900,KIP
KLB,2023-12-22,11800,11800,11300,11500,6600,KLB
KMR,2023-12-22,3470,3500,3470,3470,21300,KMR
KOS,2023-12-22,39250,39600,39150,39300,324200,KOS
KPF,2023-12-22,5230,5330,5170,5230,341800,KPF
KSB,2023-12-22,25750,25850,25500,25550,711900,KSB
KSD,2023-12-22,3600,3600,3600,3600,2000,KSD
KSF,2023-12-22,41200,41200,40900,41000,17700,KSF
KSH,2023-12-22,500,600,400,500,851600,KSH
KSQ,2023-12-22,2000,2000,1900,2000,26500,KSQ
KSV,2023-12-22,30000,30300,29900,29900,4700,KSV
KTL,2023-12-22,30200,30300,26000,30300,10700,KTL
KTS,2023-12-22,42500,46500,42500,46000,1500,KTS
KTT,2023-12-22,2900,3000,2800,3000,4900,KTT
KVC,2023-12-22,2200,2300,2100,2300,167500,KVC
L12,2023-12-22,4600,4600,4600,4600,1000,L12
L14,2023-12-22,45000,45300,44600,45000,165600,L14
L18,2023-12-22,41700,43000,41000,41400,66800,L18
L44,2023-12-22,800,800,800,800,100,L44
L45,2023-12-22,3300,3300,3200,3200,6100,L45
L61,2023-12-22,4500,4500,3800,4300,11300,L61
LAF,2023-12-22,13400,13400,13400,13400,100,LAF
LAI,2023-12-22,43000,43000,43000,43000,400,LAI
LAS,2023-12-22,13800,14000,13400,13800,512800,LAS
LBE,2023-12-22,18200,20000,18200,20000,500,LBE
LBM,2023-12-22,47150,48850,47150,48300,10200,LBM
LCC,2023-12-22,6300,6300,6300,6300,100,LCC
LCG,2023-12-22,11900,11950,11750,11750,1951400,LCG
LCM,2023-12-22,2600,2600,2500,2600,78900,LCM
LCS,2023-12-22,900,900,900,900,2800,LCS
LDG,2023-12-22,3050,3050,2960,2980,3000800,LDG
LDP,2023-12-22,13300,13400,13000,13400,3300,LDP
LEC,2023-12-22,6380,6400,6380,6400,300,LEC
LGL,2023-12-22,4030,4080,4019,4019,61000,LGL
LHC,2023-12-22,52000,53000,51000,52500,38100,LHC
LHG,2023-12-22,29600,29950,29100,29200,27500,LHG
LIC,2023-12-22,15100,15100,14800,14900,900,LIC
LIG,2023-12-22,4300,4400,4200,4300,956700,LIG
LIX,2023-12-22,49200,51200,49200,50000,3500,LIX
LLM,2023-12-22,8000,9300,8000,9300,200,LLM
LMC,2023-12-22,18900,18900,14500,14500,400,LMC
LMH,2023-12-22,2900,3000,2900,2900,90200,LMH
LPB,2023-12-22,15350,15750,15350,15600,2091500,LPB
LPT,2023-12-22,6300,6300,6200,6200,12800,LPT
LSG,2023-12-22,9800,10000,9700,9900,12100,LSG
LSS,2023-12-22,10950,11100,10950,11000,194200,LSS
LTC,2023-12-22,4200,4200,3500,3500,5200,LTC
LTG,2023-12-22,26000,26200,25600,26200,207300,LTG
LUT,2023-12-22,1500,1700,1400,1400,39200,LUT
M10,2023-12-22,19100,20900,19100,20900,5500,M10
MAC,2023-12-22,13800,14000,13700,14000,4900,MAC
MAS,2023-12-22,34500,34500,29800,29800,2000,MAS
MBB,2023-12-22,18150,18450,18100,18300,8546800,MBB
MBG,2023-12-22,4300,4400,4200,4300,408400,MBG
MBS,2023-12-22,23000,23300,22300,22600,3859000,MBS
MCF,2023-12-22,8500,8500,8500,8500,900,MCF
MCG,2023-12-22,2200,2300,2100,2200,34700,MCG
MCH,2023-12-22,85300,87500,85300,87100,12300,MCH
MCM,2023-12-22,36800,37000,36600,36700,9300,MCM
MCO,2023-12-22,5600,5900,5600,5600,10900,MCO
MCP,2023-12-22,35000,35000,35000,35000,500,MCP
MDC,2023-12-22,10800,11000,10800,11000,15500,MDC
MDF,2023-12-22,11300,11300,9200,9200,2800,MDF
MDG,2023-12-22,12950,13750,12400,13300,700,MDG
MEL,2023-12-22,5700,6100,5700,6100,200,MEL
MFS,2023-12-22,25000,25100,25000,25100,2100,MFS
MGC,2023-12-22,4700,4800,4600,4800,5700,MGC
MGG,2023-12-22,36500,37900,30000,30000,7700,MGG
MH3,2023-12-22,35000,35500,34200,35400,5400,MH3
MHC,2023-12-22,9110,9240,9050,9100,147800,MHC
MIC,2023-12-22,14300,16400,14300,16400,1100,MIC
MIG,2023-12-22,18000,18500,17850,18500,154800,MIG
MKP,2023-12-22,26400,26500,26400,26400,9000,MKP
MLS,2023-12-22,11800,11800,11500,11500,800,MLS
MML,2023-12-22,31300,31400,31300,31400,20000,MML
MPC,2023-12-22,17300,17300,17000,17200,51500,MPC
MPT,2023-12-22,500,600,400,500,186600,MPT
MQN,2023-12-22,20400,20400,20400,20400,200,MQN
MRF,2023-12-22,24400,24400,24400,24400,800,MRF
MSB,2023-12-22,12600,12700,12500,12600,2554300,MSB
MSH,2023-12-22,36400,36700,36100,36100,55100,MSH
MSN,2023-12-22,64000,64200,63000,63000,2188600,MSN
MSR,2023-12-22,14400,14600,14100,14600,117100,MSR
MST,2023-12-22,5600,5900,5600,5700,2202000,MST
MTA,2023-12-22,3500,3500,3500,3500,6000,MTA
MTL,2023-12-22,4700,4700,4700,4700,5700,MTL
MVC,2023-12-22,12200,12400,12200,12200,87100,MVC
MVN,2023-12-22,20000,20000,18500,18500,1700,MVN
MWG,2023-12-22,42450,42650,42000,42350,6074600,MWG
NAB,2023-12-22,15300,15800,15200,15500,551000,NAB
NAF,2023-12-22,15100,15100,14950,15100,58000,NAF
NAG,2023-12-22,8800,8800,8600,8800,35300,NAG
NAP,2023-12-22,10300,10300,10300,10300,200,NAP
NAS,2023-12-22,21000,21000,20000,21000,11700,NAS
NAV,2023-12-22,15550,15700,15550,15700,2600,NAV
NBB,2023-12-22,20600,20600,20000,20150,45900,NBB
NBC,2023-12-22,11500,11700,11500,11700,41900,NBC
NBT,2023-12-22,14000,14000,13800,13800,400,NBT
NCG,2023-12-22,14200,15800,14200,15200,80100,NCG
NCS,2023-12-22,19500,20000,19500,20000,200,NCS
NCT,2023-12-22,87400,88400,87400,88300,3700,NCT
ND2,2023-12-22,30000,31000,30000,31000,3700,ND2
NDC,2023-12-22,150000,150000,150000,150000,300,NDC
NDN,2023-12-22,9700,9800,9600,9600,73100,NDN
NDX,2023-12-22,6400,6400,6300,6300,2100,NDX
NED,2023-12-22,4700,4800,4700,4800,65200,NED
NET,2023-12-22,65200,65700,65200,65700,2200,NET
NFC,2023-12-22,15000,16400,15000,16400,600,NFC
NHA,2023-12-22,17150,17300,16900,16950,161100,NHA
NHH,2023-12-22,18950,19050,18350,18500,1085100,NHH
NHP,2023-12-22,400,500,300,400,87200,NHP
NHT,2023-12-22,11500,11700,11500,11700,1200,NHT
NHV,2023-12-22,900,1000,900,1000,127400,NHV
NJC,2023-12-22,19300,19300,19300,19300,100,NJC
NKG,2023-12-22,24450,24750,24000,24300,7395600,NKG
NLG,2023-12-22,36700,36900,36450,36700,907500,NLG
NNC,2023-12-22,19000,19300,19000,19300,3800,NNC
NO1,2023-12-22,11200,11950,11200,11550,127500,NO1
NOS,2023-12-22,1000,1000,800,1000,13400,NOS
NQN,2023-12-22,9900,9900,9900,9900,2700,NQN
NRC,2023-12-22,4700,4900,4700,4700,1866300,NRC
NS2,2023-12-22,8100,8100,8100,8100,2400,NS2
NSC,2023-12-22,69300,69300,69100,69200,7800,NSC
NSH,2023-12-22,4500,4500,4400,4500,24900,NSH
NST,2023-12-22,6900,6900,6900,6900,100,NST
NT2,2023-12-22,23850,23900,23400,23450,531900,NT2
NTC,2023-12-22,188100,190800,188100,190200,35400,NTC
NTL,2023-12-22,27800,28800,27700,28450,1118800,NTL
NTP,2023-12-22,35600,36700,35600,36600,54300,NTP
NVB,2023-12-22,10400,10400,10100,10300,319500,NVB
NVL,2023-12-22,16650,16900,16500,16600,7455300,NVL
NVT,2023-12-22,7500,7600,7500,7500,10300,NVT
NXT,2023-12-22,11500,11500,11300,11300,16300,NXT
OCB,2023-12-22,13350,13350,13100,13100,1435700,OCB
OCH,2023-12-22,6900,6900,6900,6900,8900,OCH
ODE,2023-12-22,43200,43400,43100,43400,29300,ODE
OGC,2023-12-22,7100,7250,7050,7080,273500,OGC
OIL,2023-12-22,10000,10100,9900,10000,261900,OIL
ONE,2023-12-22,6000,6000,5500,5500,500,ONE
OPC,2023-12-22,22600,23250,22600,23250,1000,OPC
ORS,2023-12-22,16400,17050,16400,16500,2214500,ORS
PAC,2023-12-22,24700,24700,24550,24700,2000,PAC
PAN,2023-12-22,19450,19550,19200,19500,694900,PAN
PAP,2023-12-22,15500,15500,15000,15000,3600,PAP
PAS,2023-12-22,4200,4300,4200,4300,148200,PAS
PAT,2023-12-22,90000,90100,88500,89300,30300,PAT
PBC,2023-12-22,8900,9000,8900,8900,10200,PBC
PBP,2023-12-22,11000,11100,11000,11000,1300,PBP
PC1,2023-12-22,28450,28950,28150,28500,1862600,PC1
PCC,2023-12-22,15600,15600,15600,15600,100,PCC
PCE,2023-12-22,19800,19800,19800,19800,100,PCE
PCG,2023-12-22,6200,6200,6200,6200,300,PCG
PCH,2023-12-22,9900,9900,9500,9500,13100,PCH
PCM,2023-12-22,12500,12500,12500,12500,2000,PCM
PCN,2023-12-22,13500,13500,13500,13500,1000,PCN
PCT,2023-12-22,7000,7100,7000,7100,2200,PCT
PDB,2023-12-22,9100,9100,9000,9000,500,PDB
PDN,2023-12-22,90500,94900,88500,94900,300,PDN
PDR,2023-12-22,26500,27250,26500,26800,8469600,PDR
PDV,2023-12-22,10600,10700,10600,10700,2300,PDV
PEN,2023-12-22,8300,8300,8300,8300,400,PEN
PEQ,2023-12-22,38300,38300,38300,38300,100,PEQ
PET,2023-12-22,27650,27900,27250,27350,541600,PET
PFL,2023-12-22,2600,2700,2600,2700,104100,PFL
PGB,2023-12-22,27000,28900,27000,27700,53500,PGB
PGC,2023-12-22,14250,14300,14250,14300,4700,PGC
PGD,2023-12-22,38000,38000,38000,38000,200,PGD
PGN,2023-12-22,9100,10000,9100,10000,10800,PGN
PGT,2023-12-22,4000,4000,3900,3900,900,PGT
PGV,2023-12-22,23700,23800,23700,23800,9800,PGV
PHC,2023-12-22,6870,6890,6800,6800,47000,PHC
PHH,2023-12-22,2400,2400,2300,2300,300,PHH
PHP,2023-12-22,20800,20800,20500,20500,8700,PHP
PHR,2023-12-22,47700,48100,47500,47500,169600,PHR
PIC,2023-12-22,13900,13900,13900,13900,1000,PIC
PIT,2023-12-22,5850,5870,5750,5750,25300,PIT
PIV,2023-12-22,1200,1200,1100,1200,204200,PIV
PJS,2023-12-22,22500,22500,22500,22500,6400,PJS
PJT,2023-12-22,10500,10500,10500,10500,1000,PJT
PLA,2023-12-22,5700,5700,5500,5700,6100,PLA
PLC,2023-12-22,31400,31500,31200,31300,44600,PLC
PLO,2023-12-22,2500,2500,2500,2500,100,PLO
PLP,2023-12-22,4220,4220,4170,4180,48500,PLP
PLX,2023-12-22,34100,34300,33750,33800,635400,PLX
PMB,2023-12-22,10000,10000,9800,9800,1200,PMB
PMC,2023-12-22,78200,78200,78100,78100,1900,PMC
PMG,2023-12-22,9100,9100,9000,9000,900,PMG
PNJ,2023-12-22,84000,84000,83200,83800,1341400,PNJ
PNT,2023-12-22,7400,7400,7400,7400,100000,PNT
POM,2023-12-22,4810,4870,4800,4800,986900,POM
POS,2023-12-22,12400,12500,12400,12500,4000,POS
POV,2023-12-22,8700,8700,8700,8700,500,POV
POW,2023-12-22,11350,11350,11150,11250,4125900,POW
PPC,2023-12-22,14900,15000,14850,15000,116900,PPC
PPH,2023-12-22,25600,25800,25400,25600,15500,PPH
PPI,2023-12-22,400,500,400,500,212600,PPI
PPP,2023-12-22,15200,15400,15200,15400,1800,PPP
PPS,2023-12-22,10500,10500,10500,10500,2000,PPS
PPT,2023-12-22,10700,10800,10400,10800,32700,PPT
PPY,2023-12-22,8900,8900,8900,8900,200,PPY
PRC,2023-12-22,19900,20500,19900,20500,17700,PRC
PRE,2023-12-22,18500,19000,18500,18800,800,PRE
PRT,2023-12-22,10400,10500,10200,10200,69100,PRT
PSB,2023-12-22,5700,6000,5700,5900,14700,PSB
PSD,2023-12-22,12700,13000,12700,12900,28900,PSD
PSE,2023-12-22,10300,10300,10200,10200,11400,PSE
PSG,2023-12-22,700,800,700,800,31000,PSG
PSH,2023-12-22,10200,10400,10100,10300,589500,PSH
PSI,2023-12-22,8900,8900,8800,8800,84200,PSI
PSP,2023-12-22,6300,6300,6300,6300,6000,PSP
PSW,2023-12-22,7800,7900,7800,7900,11300,PSW
PTB,2023-12-22,58700,58700,57800,58500,42700,PTB
PTC,2023-12-22,6450,6450,6100,6150,20600,PTC
PTD,2023-12-22,8600,8600,7200,7200,200,PTD
PTE,2023-12-22,2900,2900,2900,2900,36800,PTE
PTH,2023-12-22,15800,15800,15800,15800,100,PTH
PTI,2023-12-22,42500,42500,42500,42500,3200,PTI
PTL,2023-12-22,4059,4080,4010,4040,176600,PTL
PTV,2023-12-22,4200,4300,4200,4300,1000,PTV
PV2,2023-12-22,2700,2700,2500,2700,34500,PV2
PVA,2023-12-22,500,500,400,400,33500,PVA
PVB,2023-12-22,20700,21100,20700,21000,94300,PVB
PVC,2023-12-22,15100,15200,14900,14900,1184600,PVC
PVD,2023-12-22,28100,28150,27700,27800,1788600,PVD
PVE,2023-12-22,2100,2100,2000,2000,23100,PVE
PVG,2023-12-22,8900,9000,8800,8800,17700,PVG
PVH,2023-12-22,1100,1200,1100,1200,200,PVH
PVI,2023-12-22,44600,44800,44600,44700,9600,PVI
PVL,2023-12-22,2700,2900,2700,2900,444300,PVL
PVM,2023-12-22,13200,13400,13000,13400,33200,PVM
PVO,2023-12-22,5400,5400,5300,5400,2900,PVO
PVP,2023-12-22,13950,14000,13800,14000,89700,PVP
PVR,2023-12-22,800,800,800,800,27700,PVR
PVS,2023-12-22,38000,38500,38000,38300,2338000,PVS
PVT,2023-12-22,26700,26800,26150,26600,3727800,PVT
PVV,2023-12-22,2100,2100,1900,1900,152700,PVV
PVX,2023-12-22,2200,2300,2100,2200,1051500,PVX
PVY,2023-12-22,3000,3100,2900,2900,6900,PVY
PWA,2023-12-22,3700,3700,3700,3700,2500,PWA
PXA,2023-12-22,900,1100,900,1100,2800,PXA
PXI,2023-12-22,2800,2800,2700,2700,75700,PXI
PXL,2023-12-22,8800,8900,8700,8800,178900,PXL
PXM,2023-12-22,500,500,400,400,8500,PXM
PXS,2023-12-22,4600,4700,4500,4500,58000,PXS
PXT,2023-12-22,3500,3600,3500,3500,22500,PXT
QBS,2023-12-22,2390,2390,2340,2360,176500,QBS
QCG,2023-12-22,11100,11100,10800,10800,643800,QCG
QHD,2023-12-22,36600,36600,36600,36600,100,QHD
QNC,2023-12-22,8000,8000,8000,8000,2500,QNC
QNS,2023-12-22,45100,45100,44700,44800,382800,QNS
QPH,2023-12-22,25000,27000,25000,27000,2900,QPH
QTP,2023-12-22,14400,14500,14300,14500,76200,QTP
RAL,2023-12-22,105900,108000,105100,106600,57400,RAL
RBC,2023-12-22,3900,3900,3900,3900,100,RBC
RCC,2023-12-22,18900,18900,14700,14700,78900,RCC
RDP,2023-12-22,9430,9430,9300,9400,282000,RDP
REE,2023-12-22,56700,56700,55800,55800,383200,REE
RGC,2023-12-22,4300,4600,4100,4600,18900,RGC
RIC,2023-12-22,4100,4300,4000,4100,12400,RIC
RTB,2023-12-22,17500,17500,17500,17500,800,RTB
S12,2023-12-22,1300,1500,1300,1500,200,S12
S4A,2023-12-22,33950,33950,33950,33950,200,S4A
S99,2023-12-22,9000,9200,8900,9100,91900,S99
SAB,2023-12-22,62000,62100,61500,61500,639900,SAB
SAC,2023-12-22,8600,8600,8600,8600,500,SAC
SAF,2023-12-22,46600,46600,46600,46600,200,SAF
SAM,2023-12-22,6400,6420,6380,6400,327100,SAM
SAS,2023-12-22,24500,24600,24500,24600,3700,SAS
SAV,2023-12-22,15000,15000,14400,14700,178100,SAV
SBA,2023-12-22,25400,25700,25050,25600,9300,SBA
SBB,2023-12-22,15300,15900,15200,15900,328400,SBB
SBG,2023-12-22,16250,16350,16000,16200,166400,SBG
SBR,2023-12-22,6200,6300,6200,6300,900,SBR
SBS,2023-12-22,7200,7300,7200,7200,1067000,SBS
SBT,2023-12-22,13250,13350,13200,13300,562600,SBT
SBV,2023-12-22,9890,9980,9800,9800,1600,SBV
SC5,2023-12-22,19000,19000,19000,19000,500,SC5
SCD,2023-12-22,13600,15550,13600,15550,200,SCD
SCG,2023-12-22,66300,66500,66100,66500,70000,SCG
SCI,2023-12-22,12200,12600,12200,12300,34300,SCI
SCJ,2023-12-22,3900,4100,3900,4100,1200,SCJ
SCL,2023-12-22,19300,19700,19000,19400,17400,SCL
SCR,2023-12-22,7230,7260,7100,7130,1315700,SCR
SCS,2023-12-22,66600,67000,65800,66000,29600,SCS
SCY,2023-12-22,10500,10500,10500,10500,1600,SCY
SD2,2023-12-22,4300,4400,4300,4400,900,SD2
SD3,2023-12-22,5100,5100,5100,5100,3700,SD3
SD4,2023-12-22,2800,2800,2800,2800,100,SD4
SD5,2023-12-22,7200,7400,7200,7300,7400,SD5
SD6,2023-12-22,3500,3600,3500,3600,11700,SD6
SD7,2023-12-22,3400,3400,3400,3400,10000,SD7
SD9,2023-12-22,8000,8200,8000,8200,6400,SD9
SDA,2023-12-22,6200,6500,6200,6400,57900,SDA
SDC,2023-12-22,8400,8400,8400,8400,100,SDC
SDD,2023-12-22,1900,2000,1900,1900,12900,SDD
SDP,2023-12-22,1000,1100,900,1100,25800,SDP
SDT,2023-12-22,3900,4000,3900,3900,10800,SDT
SDU,2023-12-22,19900,19900,16700,18900,2300,SDU
SDV,2023-12-22,30000,30200,30000,30200,21000,SDV
SDY,2023-12-22,1000,1100,1000,1000,7300,SDY
SEA,2023-12-22,27800,30500,27800,30500,96400,SEA
SEB,2023-12-22,45000,45000,44500,44500,1000,SEB
SED,2023-12-22,18600,18800,18600,18800,1300,SED
SFC,2023-12-22,23300,24300,23300,24300,5700,SFC
SFG,2023-12-22,8600,8600,7740,8380,7600,SFG
SFI,2023-12-22,31300,31450,31100,31400,8900,SFI
SGB,2023-12-22,12700,12800,12300,12600,39000,SGB
SGI,2023-12-22,15300,15300,15300,15300,100,SGI
SGN,2023-12-22,67200,67200,67000,67000,700,SGN
SGP,2023-12-22,16300,16300,16200,16300,22800,SGP
SGR,2023-12-22,20900,20900,20400,20700,17600,SGR
SGS,2023-12-22,16200,17100,16200,17100,1200,SGS
SGT,2023-12-22,11850,11900,11750,11800,10000,SGT
SHA,2023-12-22,4630,4640,4620,4640,6900,SHA
SHB,2023-12-22,10700,10800,10650,10700,10060700,SHB
SHC,2023-12-22,10100,10100,10100,10100,1000,SHC
SHE,2023-12-22,8900,8900,8600,8800,1800,SHE
SHG,2023-12-22,3100,3100,3100,3100,7800,SHG
SHI,2023-12-22,13700,13700,13550,13600,109000,SHI
SHN,2023-12-22,7000,7000,6700,6900,1500,SHN
SHP,2023-12-22,29750,29950,29750,29900,16000,SHP
SHS,2023-12-22,18500,19100,18300,18500,31968200,SHS
SID,2023-12-22,14000,14000,14000,14000,1000,SID
SIP,2023-12-22,58000,58000,57200,57900,34800,SIP
SJC,2023-12-22,14500,14700,13700,13700,3200,SJC
SJD,2023-12-22,15000,15000,14850,14950,87000,SJD
SJE,2023-12-22,21500,21500,21500,21500,4000,SJE
SJM,2023-12-22,5400,5500,5400,5500,2100,SJM
SJS,2023-12-22,70900,70900,68200,69000,238600,SJS
SKG,2023-12-22,14650,14750,14450,14700,195200,SKG
SKH,2023-12-22,27900,27900,27800,27900,1300,SKH
SKV,2023-12-22,49000,49700,48500,48500,1400,SKV
SLS,2023-12-22,141300,141500,140700,141000,4100,SLS
SMA,2023-12-22,8280,8280,8280,8280,100,SMA
SMB,2023-12-22,36950,36950,36750,36750,2200,SMB
SMC,2023-12-22,10200,10200,10050,10100,140500,SMC
SMN,2023-12-22,12700,12800,12700,12800,5400,SMN
SMT,2023-12-22,5700,5700,5600,5600,1100,SMT
SNC,2023-12-22,21300,21300,21300,21300,100,SNC
SPD,2023-12-22,9800,9800,9800,9800,1900,SPD
SPI,2023-12-22,3200,3200,3100,3100,13000,SPI
SPM,2023-12-22,11700,11700,11700,11700,300,SPM
SRA,2023-12-22,3600,3700,3500,3600,456300,SRA
SRB,2023-12-22,2000,2100,2000,2100,1100,SRB
SRC,2023-12-22,26000,27100,26000,27000,13900,SRC
SRF,2023-12-22,7520,8000,7510,7800,34800,SRF
SRT,2023-12-22,5700,5800,5700,5700,2500,SRT
SSB,2023-12-22,22600,22650,22400,22600,1245500,SSB
SSC,2023-12-22,29000,29000,28800,28800,1300,SSC
SSG,2023-12-22,9300,10000,9300,9700,9700,SSG
SSH,2023-12-22,64500,64500,64000,64099,62500,SSH
SSI,2023-12-22,32350,32950,32200,32350,17457600,SSI
SSN,2023-12-22,1400,1600,1400,1500,1400,SSN
ST8,2023-12-22,18300,18350,18100,18100,176700,ST8
STB,2023-12-22,26600,27450,26300,27200,22251300,STB
STG,2023-12-22,46000,46000,46000,46000,200,STG
STH,2023-12-22,13800,14400,13500,14400,18300,STH
STK,2023-12-22,25500,25950,25300,25400,23000,STK
STT,2023-12-22,1800,1800,1800,1800,2100,STT
SVC,2023-12-22,28900,29950,28900,29950,2300,SVC
SVD,2023-12-22,2530,2570,2400,2420,85100,SVD
SVI,2023-12-22,56700,56700,56700,56700,100,SVI
SVN,2023-12-22,3800,4000,3800,3900,5600,SVN
SVT,2023-12-22,10850,10850,10850,10850,4300,SVT
SWC,2023-12-22,23200,23200,23000,23200,1900,SWC
SZB,2023-12-22,31300,31300,31300,31300,600,SZB
SZC,2023-12-22,43000,44350,43000,43700,2120400,SZC
SZL,2023-12-22,37000,37150,36500,36800,1100,SZL
TA9,2023-12-22,10300,10400,10300,10300,21900,TA9
TAR,2023-12-22,8900,9300,8900,8900,801100,TAR
TBH,2023-12-22,27900,27900,27900,27900,100,TBH
TBR,2023-12-22,7000,7000,7000,7000,2000,TBR
TC6,2023-12-22,8100,8200,8000,8100,57800,TC6
TCB,2023-12-22,30500,30800,30450,30600,1853900,TCB
TCD,2023-12-22,7050,7090,7010,7010,588500,TCD
TCH,2023-12-22,13250,13500,12950,13150,9073000,TCH
TCI,2023-12-22,12400,13200,12400,12900,900400,TCI
TCL,2023-12-22,37450,37450,36850,37000,11400,TCL
TCM,2023-12-22,40600,41050,40600,41000,463000,TCM
TCO,2023-12-22,9250,9250,8960,9000,12300,TCO
TCR,2023-12-22,3380,3380,3140,3360,400,TCR
TCT,2023-12-22,22400,22400,22300,22400,1000,TCT
TCW,2023-12-22,26800,26800,26800,26800,100,TCW
TDB,2023-12-22,39000,39000,39000,39000,100,TDB
TDC,2023-12-22,9760,9840,9680,9700,321600,TDC
TDG,2023-12-22,3710,3780,3700,3710,33300,TDG
TDH,2023-12-22,4700,4700,4620,4630,80600,TDH
TDM,2023-12-22,40900,41500,40900,41200,50400,TDM
TDN,2023-12-22,10100,10100,10000,10000,8000,TDN
TDP,2023-12-22,29900,29950,28700,28700,71300,TDP
TDT,2023-12-22,6700,6700,6600,6600,37600,TDT
TEG,2023-12-22,9800,9800,9700,9700,17900,TEG
TFC,2023-12-22,7900,8000,7900,8000,5100,TFC
TGP,2023-12-22,4600,4600,4600,4600,300,TGP
TH1,2023-12-22,2500,2500,2500,2500,300,TH1
THB,2023-12-22,11000,11000,11000,11000,300,THB
THD,2023-12-22,35000,35100,34900,35100,4400,THD
THG,2023-12-22,38750,39000,38600,39000,20300,THG
THM,2023-12-22,13300,13300,13300,13300,800,THM
THT,2023-12-22,12800,12800,12800,12800,5400,THT
TID,2023-12-22,23600,23600,23600,23600,100,TID
TIE,2023-12-22,5100,5100,5100,5100,100,TIE
TIG,2023-12-22,11900,12200,11800,11900,1713500,TIG
TIP,2023-12-22,23850,24450,23800,24300,240500,TIP
TIS,2023-12-22,4200,4300,4100,4200,15200,TIS
TKG,2023-12-22,6900,7100,6900,6900,251500,TKG
TKU,2023-12-22,10700,10700,10700,10700,700,TKU
TL4,2023-12-22,6800,6800,6800,6800,3300,TL4
TLD,2023-12-22,5330,5340,5290,5310,231600,TLD
TLG,2023-12-22,49400,49400,48700,49400,24300,TLG
TLH,2023-12-22,8200,8480,8200,8240,903400,TLH
TLP,2023-12-22,7000,7000,6800,6800,5100,TLP
TMB,2023-12-22,40700,40700,40300,40600,1000,TMB
TMG,2023-12-22,47000,47000,47000,47000,100,TMG
TMP,2023-12-22,62000,62300,62000,62300,2100,TMP
TMS,2023-12-22,42200,45000,41500,45000,13000,TMS
TMT,2023-12-22,15550,15700,15350,15400,20800,TMT
TMX,2023-12-22,12100,12100,12100,12100,100,TMX
TN1,2023-12-22,15750,15750,15750,15750,200,TN1
TNA,2023-12-22,5630,5630,5500,5630,7000,TNA
TNC,2023-12-22,61000,65600,61000,65600,200,TNC
TNG,2023-12-22,20000,20100,19600,19700,1732300,TNG
TNH,2023-12-22,20400,20550,20200,20500,320400,TNH
TNI,2023-12-22,2690,2690,2660,2680,24700,TNI
TNS,2023-12-22,2400,2500,2400,2400,18000,TNS
TNT,2023-12-22,4640,4650,4530,4650,227000,TNT
TNW,2023-12-22,9000,9000,9000,9000,200,TNW
TOP,2023-12-22,900,1100,900,1100,129200,TOP
TOS,2023-12-22,33600,34600,33600,34600,600,TOS
TOT,2023-12-22,18200,18200,18200,18200,100,TOT
TOW,2023-12-22,17200,17200,17200,17200,200,TOW
TPB,2023-12-22,16900,16950,16750,16900,2372900,TPB
TPC,2023-12-22,5880,5880,5800,5800,200,TPC
TRA,2023-12-22,85000,86800,85000,86800,11500,TRA
TRC,2023-12-22,31600,31600,31100,31100,93600,TRC
TS3,2023-12-22,4400,4400,4300,4300,400,TS3
TSB,2023-12-22,44100,44200,44000,44200,3800,TSB
TSC,2023-12-22,3750,3780,3700,3720,590800,TSC
TSJ,2023-12-22,39600,39600,39600,39600,1000,TSJ
TST,2023-12-22,2500,2900,2500,2900,2200,TST
TTA,2023-12-22,8000,8050,7950,7960,927800,TTA
TTD,2023-12-22,73500,73500,73500,73500,100,TTD
TTF,2023-12-22,4150,4210,4100,4130,773600,TTF
TTH,2023-12-22,3800,3900,3700,3800,294900,TTH
TTL,2023-12-22,8500,8800,7500,8800,5100,TTL
TTN,2023-12-22,7900,8000,7900,7900,23800,TTN
TV1,2023-12-22,17900,18000,17400,18000,2800,TV1
TV2,2023-12-22,38900,39200,38800,38800,172500,TV2
TV3,2023-12-22,11000,11000,11000,11000,15300,TV3
TV4,2023-12-22,12400,12500,12400,12500,4900,TV4
TV6,2023-12-22,4000,4000,4000,4000,100,TV6
TVB,2023-12-22,5200,5480,5180,5400,215100,TVB
TVC,2023-12-22,5600,6100,5600,6000,917700,TVC
TVD,2023-12-22,13700,14000,13500,13700,83600,TVD
TVN,2023-12-22,6400,6400,6200,6300,109700,TVN
TVS,2023-12-22,20000,20100,19900,19900,16600,TVS
TVT,2023-12-22,15900,16100,15900,16100,10700,TVT
TW3,2023-12-22,16000,16000,13600,13600,200,TW3
TXM,2023-12-22,4400,4400,4100,4100,900,TXM
TYA,2023-12-22,10000,10000,10000,10000,100,TYA
UDC,2023-12-22,4000,4000,3800,3900,10500,UDC
UDJ,2023-12-22,8800,9000,8800,9000,39500,UDJ
UEM,2023-12-22,10100,10100,10000,10000,29600,UEM
UIC,2023-12-22,32000,32000,31850,31850,1100,UIC
UNI,2023-12-22,8000,8000,8000,8000,1500,UNI
V11,2023-12-22,500,500,300,500,5200,V11
VAB,2023-12-22,6900,7100,6900,7000,1077900,VAB
VBB,2023-12-22,8600,9600,8600,9600,12800,VBB
VC1,2023-12-22,8600,8600,8600,8600,200,VC1
VC2,2023-12-22,10200,10300,10100,10200,107400,VC2
VC3,2023-12-22,25000,25000,24500,24600,670800,VC3
VC7,2023-12-22,14700,14700,14500,14500,235600,VC7
VC9,2023-12-22,5300,5600,5300,5600,600,VC9
VCA,2023-12-22,8520,8690,8510,8550,8600,VCA
VCB,2023-12-22,80900,81100,80400,80900,1579800,VCB
VCC,2023-12-22,13800,13800,12300,12300,2400,VCC
VCF,2023-12-22,184000,184000,184000,184000,500,VCF
VCG,2023-12-22,24150,24300,23800,24100,4049600,VCG
VCI,2023-12-22,41600,41950,40600,41000,3454600,VCI
VCP,2023-12-22,22000,22500,22000,22500,2000,VCP
VCR,2023-12-22,24200,26000,24200,24900,12200,VCR
VCS,2023-12-22,55000,55000,54100,54500,24300,VCS
VCX,2023-12-22,4500,4500,4000,4000,63300,VCX
VDS,2023-12-22,17200,17200,16500,17000,336700,VDS
VE3,2023-12-22,11200,11200,10300,10300,900,VE3
VE8,2023-12-22,4700,4700,4500,4600,32500,VE8
VE9,2023-12-22,2400,2400,2200,2200,1100,VE9
VEA,2023-12-22,34000,34300,34000,34100,524000,VEA
VEF,2023-12-22,112300,113000,111300,113000,4600,VEF
VET,2023-12-22,29300,30300,29300,29900,3700,VET
VFG,2023-12-22,35600,36000,35600,36000,1900,VFG
VFS,2023-12-22,18200,20000,18000,19700,930400,VFS
VGC,2023-12-22,53900,54300,53000,53300,498000,VGC
VGG,2023-12-22,35400,35400,35100,35100,600,VGG
VGI,2023-12-22,25300,25700,25300,25500,425400,VGI
VGP,2023-12-22,30800,30800,27100,30600,2400,VGP
VGR,2023-12-22,36100,37300,36100,37000,30700,VGR
VGS,2023-12-22,22500,23400,22500,22800,617900,VGS
VGT,2023-12-22,11800,11800,11700,11700,68800,VGT
VGV,2023-12-22,30300,30300,29200,30000,3300,VGV
VHC,2023-12-22,73400,73500,72400,72400,415800,VHC
VHE,2023-12-22,3100,3200,3000,3100,53200,VHE
VHG,2023-12-22,2700,2800,2600,2700,838300,VHG
VHL,2023-12-22,14000,14400,14000,14400,10700,VHL
VHM,2023-12-22,40200,40400,40000,40300,3289400,VHM
VIB,2023-12-22,18800,18900,18600,18750,1881200,VIB
VIC,2023-12-22,43200,43350,42750,43150,2001100,VIC
VID,2023-12-22,5100,5110,5050,5110,2200,VID
VIF,2023-12-22,17700,17700,17700,17700,1000,VIF
VIG,2023-12-22,7800,7900,7600,7600,247800,VIG
VIH,2023-12-22,10000,10000,10000,10000,56200,VIH
VIP,2023-12-22,11200,11200,11100,11200,104500,VIP
VIT,2023-12-22,17400,17400,17400,17400,8500,VIT
VIX,2023-12-22,16900,17150,16650,16700,19619900,VIX
VJC,2023-12-22,105500,106200,105100,106200,708900,VJC
VKC,2023-12-22,800,900,800,900,454200,VKC
VLA,2023-12-22,16600,19800,16500,19800,1500,VLA
VLB,2023-12-22,35000,35100,34900,35100,58900,VLB
VLC,2023-12-22,15700,16200,15700,16100,40300,VLC
VLF,2023-12-22,900,900,900,900,20200,VLF
VLG,2023-12-22,3700,3700,3600,3600,5800,VLG
VMC,2023-12-22,8100,8200,8100,8200,6100,VMC
VMD,2023-12-22,16750,16750,16149,16200,31100,VMD
VMG,2023-12-22,3400,3500,3200,3500,73300,VMG
VNA,2023-12-22,20000,20000,18500,20000,2400,VNA
VNB,2023-12-22,8900,8900,8800,8800,60500,VNB
VNC,2023-12-22,47500,47500,47500,47500,8000,VNC
VND,2023-12-22,21800,22150,21500,21500,19702700,VND
VNE,2023-12-22,6850,6850,6670,6670,772700,VNE
VNF,2023-12-22,7900,8000,7900,7900,400,VNF
VNG,2023-12-22,8390,8950,8390,8950,82800,VNG
VNH,2023-12-22,2300,2300,2300,2300,50200,VNH
VNL,2023-12-22,13950,14150,13900,14150,6500,VNL
VNM,2023-12-22,67800,68100,67500,67600,2145700,VNM
VNP,2023-12-22,12600,12600,12500,12500,700,VNP
VNR,2023-12-22,23000,23000,22800,23000,7500,VNR
VNS,2023-12-22,13050,13150,13000,13000,25300,VNS
VNT,2023-12-22,39100,39100,39100,39100,100,VNT
VNZ,2023-12-22,690000,690000,680000,680000,900,VNZ
VOC,2023-12-22,20200,20200,20100,20200,1700,VOC
VOS,2023-12-22,11350,11400,11050,11100,1043200,VOS
VPB,2023-12-22,18200,18350,18050,18150,10359500,VPB
VPC,2023-12-22,1700,1700,1700,1700,300,VPC
VPD,2023-12-22,23100,23500,23100,23200,5800,VPD
VPG,2023-12-22,16600,16650,16300,16450,557500,VPG
VPH,2023-12-22,8150,8200,8029,8100,217500,VPH
VPI,2023-12-22,54400,54600,53500,54500,962000,VPI
VPS,2023-12-22,10050,10050,10050,10050,200,VPS
VRC,2023-12-22,8270,8270,7880,8100,9100,VRC
VRE,2023-12-22,22950,23000,22700,22950,1890300,VRE
VRG,2023-12-22,27400,28000,27400,27700,11300,VRG
VSA,2023-12-22,21200,21200,21200,21200,100,VSA
VSC,2023-12-22,29600,29600,29100,29200,263300,VSC
VSE,2023-12-22,6400,6500,6400,6500,700,VSE
VSF,2023-12-22,37800,38000,37000,37500,4700,VSF
VSH,2023-12-22,46000,46450,46000,46300,24500,VSH
VSM,2023-12-22,17000,17000,17000,17000,1000,VSM
VSN,2023-12-22,19600,19600,19600,19600,15200,VSN
VST,2023-12-22,2600,2800,2600,2800,13500,VST
VTA,2023-12-22,3900,4000,3900,4000,300,VTA
VTB,2023-12-22,10850,11500,10800,11500,10900,VTB
VTC,2023-12-22,8800,10100,8800,10100,300,VTC
VTD,2023-12-22,7600,7600,7500,7500,39500,VTD
VTG,2023-12-22,8300,8300,8300,8300,100,VTG
VTH,2023-12-22,9700,9800,9700,9700,4000,VTH
VTI,2023-12-22,7400,7400,7400,7400,400,VTI
VTK,2023-12-22,29000,29500,28700,29500,5400,VTK
VTO,2023-12-22,9500,9550,9440,9480,105100,VTO
VTP,2023-12-22,48700,51900,48700,51800,1981100,VTP
VTR,2023-12-22,19800,19800,19200,19500,11400,VTR
VTV,2023-12-22,4000,4100,4000,4000,6100,VTV
VTZ,2023-12-22,8200,8200,8100,8100,221600,VTZ
VUA,2023-12-22,22800,23900,22500,22800,16100,VUA
VWS,2023-12-22,18500,19000,18500,19000,5900,VWS
VXB,2023-12-22,13300,13300,10900,12800,700,VXB
WCS,2023-12-22,184200,184200,180700,184000,5700,WCS
WSS,2023-12-22,6300,6300,6200,6200,36700,WSS
WTC,2023-12-22,14200,14200,14200,14200,100,WTC
X20,2023-12-22,8900,8900,8900,8900,100,X20
XDC,2023-12-22,68000,68000,68000,68000,200,XDC
XHC,2023-12-22,27900,27900,27900,27900,100,XHC
XMC,2023-12-22,8100,8100,7800,7900,1800,XMC
YBC,2023-12-22,7900,7900,7900,7900,4700,YBC
YBM,2023-12-22,8790,9000,8790,8950,14700,YBM
YEG,2023-12-22,11600,11700,11350,11500,383400,YEG
YTC,2023-12-22,150000,150000,113100,113100,1200,YTC
